#	pubmedid	counts.ccgh	counts.acgh	counts.wes	counts.wgs	counts.ngs	counts.genomes	contact.name	contact.email	contact.affiliation	#provenance_id	status	#sample_types	note	progenetix_use	progenetix_curator
#	23457519	0	42	0	0	0	42	Shunichi Yoshioka		"Department of Molecular Pathology, Faculty of Medicine, Oita University"					yes	
#	33692831	0	0	0	0	0	0				tiruchirappalli::india	excluded [bioinformatics] 			yes	Michael Baudis
#	33406109	0	0	0	0	0	0				zurich::switzerland	excluded [text mining] 			yes	Michael Baudis
#	33637676	0	0	0	0	0	0				seoul::koreanrepublic	excluded [bioinformatics] 			yes	Michael Baudis
#	33262783	0	0	0	0	0	0				beijing::china	excluded [bioinformatics] 			yes	Michael Baudis
#	32512721	0	0	0	0	0	0				regensburg::germany	excluded [bioinformatics] 			yes	Michael Baudis
#	34272855	0	0	0	0	0	0	Michael Baudis	contact@progenetix.org	University of Zurich and Swiss Institute of Bioinformatics	zurich::switzerland	excluded [Progenetix use search result] 			yes	Michael Baudis
#	34054918	0	0	0	0	0	0	Michael Baudis	contact@progenetix.org	University of Zurich and Swiss Institute of Bioinformatics	zurich::switzerland	excluded [Progenetix use search result] 			yes	Michael Baudis
#	32239182	0	0	0	0	0	0	Michael Baudis	contact@progenetix.org	University of Zurich and Swiss Institute of Bioinformatics	zurich::switzerland	excluded [Progenetix use search result] 			yes	Michael Baudis
+	32111235	0	0	0	0	0	0	Christopher G Smith	christopher.smith@cruk.cam.ac.uk	Cancer Research UK Cambridge Institute	cambridge::unitedkingdom	excluded [plasma sequencing] 			yes	Michael Baudis
+	31897174	0	0	0	0	0	0	Xiaoxia Ren		Center for Life Sciences, School of Life Sciences, Yunnan University	kunming::china	excluded [Progenetix use search result] 			yes	Michael Baudis
+	31250881	0	0	0	0	0	0	Rudolf Schill		Department of Statistical Bioinformatics, Institute of Functional Genomics, Regensburg	regensburg::germany	excluded [Progenetix use search result] 			yes	Michael Baudis
#	30886647	0	0	0	0	0	0					excluded [Progenetix use search result] 			yes	Michael Baudis
#	30858407	0	0	0	0	0	0					excluded [Progenetix use search result] 			yes	Michael Baudis
#	30796006	0	0	0	0	0	0					excluded [Progenetix use search result] 			yes	Michael Baudis
#	30659659	0	0	0	0	0	0				timisoara::romania	excluded [Progenetix use search result] 			yes	Michael Baudis
#	30290038	0	0	0	0	0	0					excluded [Progenetix use search result] 			yes	Michael Baudis
#	29657279	0	0	0	0	0	0					excluded [Progenetix use search result] 			yes	Michael Baudis
#	29492108	0	0	0	0	0	0					excluded [Progenetix use search result] 			yes	Michael Baudis
#	28835717	0	0	0	0	0	0					excluded [Progenetix use search result] 			yes	Michael Baudis
#	28728164	0	0	0	0	0	0					excluded [Progenetix use search result] 			yes	Michael Baudis
#	28522871	0	0	0	0	0	0					excluded [Progenetix use search result] 			yes	Michael Baudis
#	28110411	0	0	0	0	0	0					excluded [Progenetix use search result] 			yes	Michael Baudis
#	27974799	0	0	0	0	0	0					excluded [Progenetix use search result] 			yes	Michael Baudis
#	27308428	0	0	0	0	0	0					excluded [Progenetix use search result] 			yes	Michael Baudis
#	27072875	0	0	0	0	0	0					excluded [Progenetix use search result] 			yes	Michael Baudis
#	26992233	0	0	0	0	0	0					excluded [Progenetix use search result] 			yes	Michael Baudis
#	26615188	0	0	0	0	0	0					excluded [Progenetix use search result] 			yes	Michael Baudis
#	26193259	0	0	0	0	0	0					excluded [Progenetix use search result] 			yes	Michael Baudis
#	25883951	0	0	0	0	0	0					excluded [Progenetix use search result] 			yes	Michael Baudis
#	25847947	0	0	0	0	0	0					excluded [Progenetix use search result] 			yes	Michael Baudis
#	25716227	0	0	0	0	0	0					excluded [Progenetix use search result] 			yes	Michael Baudis
#	25502777	0	0	0	0	0	0					excluded [Progenetix use search result] 			yes	Michael Baudis
#	25458841	0	0	0	0	0	0					excluded [Progenetix use search result] 			yes	Michael Baudis
#	25369839	0	0	0	0	0	0					excluded [Progenetix use search result] 			yes	Michael Baudis
#	25344860	0	0	0	0	0	0					excluded [Progenetix use search result] 			yes	Michael Baudis
#	25043044	0	0	0	0	0	0					excluded [Progenetix use search result] 			yes	Michael Baudis
#	24747001	0	0	0	0	0	0					excluded [Progenetix use search result] 			yes	Michael Baudis
#	24316579	0	0	0	0	0	0					excluded [Progenetix use search result] 			yes	Michael Baudis
#	24278162	0	0	0	0	0	0					excluded [Progenetix use search result] 			yes	Michael Baudis
#	24225322	0	0	0	0	0	0					excluded [Progenetix use search result] 			yes	Michael Baudis
#	24148783	0	0	0	0	0	0					excluded [Progenetix use search result] 			yes	Michael Baudis
#	24147022	0	0	0	0	0	0					excluded [Progenetix use search result] 			yes	Michael Baudis
#	24065821	0	0	0	0	0	0					excluded [Progenetix use search result] 			yes	Michael Baudis
#	23857251	0	0	0	0	0	0					excluded [Progenetix use search result] 			yes	Michael Baudis
#	23406336	0	0	0	0	0	0					excluded [Progenetix use search result] 			yes	Michael Baudis
#	23205091	0	0	0	0	0	0					excluded [Progenetix use search result] 			yes	Michael Baudis
#	22754537	0	0	0	0	0	0					excluded [Progenetix use search result] 			yes	Michael Baudis
#	22629346	0	0	0	0	0	0					excluded [Progenetix use search result] 			yes	Michael Baudis
#	22622037	0	0	0	0	0	0					excluded [Progenetix use search result] 			yes	Michael Baudis
#	22585707	0	0	0	0	0	0					excluded [Progenetix use search result] 			yes	Michael Baudis
#	22228017	0	0	0	0	0	0					excluded [Progenetix use search result] 			yes	Michael Baudis
#	21903633	0	0	0	0	0	0					excluded [Progenetix use search result] 			yes	Michael Baudis
#	21793975	0	0	0	0	0	0					excluded [Progenetix use search result] 			yes	Michael Baudis
#	21606880	0	0	0	0	0	0					excluded [Progenetix use search result] 			yes	Michael Baudis
#	21548942	0	0	0	0	0	0					excluded [Progenetix use search result] 			yes	Michael Baudis
#	21478459	0	0	0	0	0	0					excluded [Progenetix use search result] 			yes	Michael Baudis
#	21460242	0	0	0	0	0	0					excluded [Progenetix use search result] 			yes	Michael Baudis
#	21371302	0	0	0	0	0	0					excluded [Progenetix use search result] 			yes	Michael Baudis
#	19616622	0	0	0	0	0	0					excluded [Progenetix use search result] 			yes	Michael Baudis
#	20233444	0	0	0	0	0	0					excluded [Progenetix use search result] 			yes	Michael Baudis
#	19692554	0	0	0	0	0	0					excluded [Progenetix use search result] 			yes	Michael Baudis
#	19402918	0	0	0	0	0	0					excluded [Progenetix use search result] 			yes	Michael Baudis
#	16790693	0	0	0	0	0	0					excluded [Progenetix use search result] 			yes	Michael Baudis
#	20228784	0	0	0	0	0	0					excluded [Progenetix use search result] 			yes	Michael Baudis
#	20093386	0	0	0	0	0	0					excluded [Progenetix use search result] 			yes	Michael Baudis
#	20146264	0	0	0	0	0	0					excluded [Progenetix use search result] 			yes	Michael Baudis
#	20170400	0	0	0	0	0	0					excluded [Progenetix use search result] 			yes	Michael Baudis
#	20354523	0	0	0	0	0	0					excluded [Progenetix use search result] 			yes	Michael Baudis
#	20108112	0	0	0	0	0	0					excluded [Progenetix use search result] 			yes	Michael Baudis
#	20087350	0	0	0	0	0	0					excluded [Progenetix use search result] 			yes	Michael Baudis
#	20049717	0	0	0	0	0	0					excluded [Progenetix use search result] 			yes	Michael Baudis
#	19455256	0	0	0	0	0	0					excluded [Progenetix use search result] 			yes	Michael Baudis
#	18562223	0	0	0	0	0	0					excluded [Progenetix use search result] 			yes	Michael Baudis
#	18586749	0	0	0	0	0	0				gainesville::unitedstates	excluded [Progenetix use search result] 			yes	Michael Baudis
#	18088415	0	0	0	0	0	0					excluded [Progenetix use search result] 			yes	Michael Baudis
#	16817944	0	0	0	0	0	0					excluded [Progenetix use search result] 			yes	Michael Baudis
#	16042799	0	0	0	0	0	0	Falk Schubert		Theoretical Bioinformatics, Deutsches Krebsforschungszentrum	heidelberg::germany	excluded [Progenetix use search result] 			yes	Michael Baudis
#	15934046	0	0	0	0	0	0	Turid Knutsen		Genetics Branch, Center for Cancer Research, National Cancer Institute, National Institutes of Health	bethesda::unitedstates	excluded [Progenetix use search result] 			yes	Michael Baudis
#	15910681	0	0	0	0	0	0	Bjoern Menten		Center for Medical Genetics, Ghent University Hospital	gent::belgium	excluded [Progenetix use search result] 			yes	Michael Baudis
#	19144156	0	0	0	0	0	0					excluded [Progenetix use search result] 			yes	Michael Baudis
#	15035667	0	0	0	0	0	0	Cathie Garnis		Cancer Genetics and Developmental Biology, British Columbia Cancer Research Centre	vancouver::canada	excluded [Progenetix use search result] 			yes	Michael Baudis
#	19087340	8	0	0	0	0	8	Franclim Ricardo Ribeiro		Department of Genetics, Portuguese Oncology Institute, Porto	porto::portugal	excluded [Progenetix use search result] 			yes	Michael Baudis
#	19528087	0	0	0	0	0	0				gainesville::unitedstates	excluded [Progenetix use search result] 			yes	Michael Baudis
#	19383377	0	0	0	0	0	0					excluded [Progenetix use search result] 			yes	Michael Baudis
#	16682279	0	0	0	0	0	0	Xin Mao		Skin Tumour Unit, St. John's Institute of Dermatology, St. Thomas Hospital, London	london::unitedkingdom	excluded [Progenetix use search result] 			yes	Michael Baudis
#	15993270	0	0	0	0	0	0	Xin Mao		Skin Tumour Unit, St. John's Institute of Dermatology, St. Thomas Hospital, London	london::unitedkingdom	excluded [Progenetix use search result] 			yes	Michael Baudis
#	25428357	0	0	0	0	0	0	Michael Baudis	contact@progenetix.org	University of Zurich and Swiss Institute of Bioinformatics	zurich::switzerland	excluded [Progenetix use search result] 			yes	Michael Baudis
#	24225322	0	0	0	0	0	0	Michael Baudis	contact@progenetix.org	University of Zurich and Swiss Institute of Bioinformatics	zurich::switzerland	excluded [Progenetix use search result] 			yes	Michael Baudis
#	27733115	0	0	0	0	0	0	Michael Baudis	contact@progenetix.org	University of Zurich and Swiss Institute of Bioinformatics	zurich::switzerland	excluded [arrayMap use search result] 			yes	Michael Baudis
#	34367618	0	0	0	0	0	0	David Salgado		Aix Marseille Univ, INSERM, Marseille	marseille::france	excluded [Progenetix use search result] 			yes	Michael Baudis
#	30705664	0	0	0	0	0	0	John S. Yu	john.yu@cshs.org	Neurosurgery Department, Cedars-Sinai Medical Center, Los Angeles	losangeles::unitedstates	excluded [Progenetix use search result] 			yes	Michael Baudis
#	30104415	0	9	0	0	0	9	Xia Wang	xia.wang@moffitt.org	H Lee Moffitt Cancer Center and Research Institute, Tampa, Florida	tampa::unitedstates				yes	Michael Baudis
#	29617727	0	0	0	0	0	0	Xiaochen Bo	boxc@bmi.ac.cn	Beijing Institute of Radiation Medicine	beijing::china	excluded [Progenetix use search result] 			yes	Michael Baudis
#	27185889	0	0	0	0	0	0	Haoyang Cai	haoyang.cai@scu.edu.cn	Center of Growth, Metabolism, and Aging, Key Laboratory of Bio-Resources and Eco-Environment, College of Life Sciences, Sichuan University	chengdu::china	excluded [Progenetix use search result] 			yes	Michael Baudis
#	26848772	0	0	0	0	0	0	Emanuela Felley-Bosco	emanuela.felley-bosco@usz.ch	Laboratory of Molecular Oncology, Clinic of Oncology, University Hospital ZÃ¼rich	zurich::switzerland	excluded [Progenetix use search result] 			yes	Michael Baudis
#	25992885	0	4	0	0	0	4								yes		